,mean_fit_time,std_fit_time,mean_score_time,std_score_time,param_model__random_state,param_model__n_estimators,param_model__min_samples_split,param_model__min_samples_leaf,param_model__max_features,param_model__max_depth,param_model__criterion,param_model__class_weight,params,split0_test_precision,split1_test_precision,split2_test_precision,split3_test_precision,split4_test_precision,split5_test_precision,split6_test_precision,split7_test_precision,split8_test_precision,split9_test_precision,mean_test_precision,std_test_precision,rank_test_precision,split0_train_precision,split1_train_precision,split2_train_precision,split3_train_precision,split4_train_precision,split5_train_precision,split6_train_precision,split7_train_precision,split8_train_precision,split9_train_precision,mean_train_precision,std_train_precision,split0_test_recall,split1_test_recall,split2_test_recall,split3_test_recall,split4_test_recall,split5_test_recall,split6_test_recall,split7_test_recall,split8_test_recall,split9_test_recall,mean_test_recall,std_test_recall,rank_test_recall,split0_train_recall,split1_train_recall,split2_train_recall,split3_train_recall,split4_train_recall,split5_train_recall,split6_train_recall,split7_train_recall,split8_train_recall,split9_train_recall,mean_train_recall,std_train_recall,split0_test_f1,split1_test_f1,split2_test_f1,split3_test_f1,split4_test_f1,split5_test_f1,split6_test_f1,split7_test_f1,split8_test_f1,split9_test_f1,mean_test_f1,std_test_f1,rank_test_f1,split0_train_f1,split1_train_f1,split2_train_f1,split3_train_f1,split4_train_f1,split5_train_f1,split6_train_f1,split7_train_f1,split8_train_f1,split9_train_f1,mean_train_f1,std_train_f1,split0_test_accuracy,split1_test_accuracy,split2_test_accuracy,split3_test_accuracy,split4_test_accuracy,split5_test_accuracy,split6_test_accuracy,split7_test_accuracy,split8_test_accuracy,split9_test_accuracy,mean_test_accuracy,std_test_accuracy,rank_test_accuracy,split0_train_accuracy,split1_train_accuracy,split2_train_accuracy,split3_train_accuracy,split4_train_accuracy,split5_train_accuracy,split6_train_accuracy,split7_train_accuracy,split8_train_accuracy,split9_train_accuracy,mean_train_accuracy,std_train_accuracy,model,scaling
0,18.83150782585144,3.111164299878996,0.03028583526611328,0.0022069276451227716,42,395,17,21,130,60,log_loss,balanced,"{'model__random_state': 42, 'model__n_estimators': 395, 'model__min_samples_split': 17, 'model__min_samples_leaf': 21, 'model__max_features': 130, 'model__max_depth': 60, 'model__criterion': 'log_loss', 'model__class_weight': 'balanced'}",0.2894736842105263,0.42857142857142855,0.32989690721649484,0.3176470588235294,0.3486238532110092,0.3888888888888889,0.35135135135135137,0.35443037974683544,0.3717948717948718,0.32432432432432434,0.350500274813926,0.037356658464413856,13,0.6904176904176904,0.760053619302949,0.7,0.712998712998713,0.6986469864698647,0.7251908396946565,0.7442489851150202,0.6956521739130435,0.7157490396927016,0.7299741602067183,0.7172932207811357,0.021532388151232183,0.29333333333333333,0.48,0.4266666666666667,0.36,0.5066666666666667,0.4666666666666667,0.34210526315789475,0.3684210526315789,0.38666666666666666,0.32,0.3950526315789474,0.06825917873580573,10,0.8301329394387001,0.8375184638109305,0.8375184638109305,0.8183161004431314,0.8389955686853766,0.8419497784342689,0.8136094674556213,0.8284023668639053,0.8257016248153619,0.8345642540620384,0.8306709027820265,0.008827868180770864,0.2913907284768212,0.4528301886792452,0.372093023255814,0.33749999999999997,0.41304347826086957,0.42424242424242425,0.3466666666666667,0.3612903225806452,0.3790849673202614,0.3221476510067114,0.3700289450489459,0.046785199116070306,10,0.7538564721663312,0.7969079409697821,0.7626092804303967,0.7620357634112793,0.7624161073825503,0.7792207792207791,0.7773851590106007,0.7562457798784604,0.766803840877915,0.7787732598208131,0.7696254383168909,0.012548874356909386,0.5650406504065041,0.6463414634146342,0.5609756097560976,0.5691056910569106,0.5609756097560976,0.6138211382113821,0.6016260162601627,0.5975609756097561,0.6122448979591837,0.5877551020408164,0.5915447154471545,0.02674794396206252,11,0.8340867992766727,0.8693490054249547,0.8404159132007233,0.8435804701627486,0.8399638336347197,0.8539783001808319,0.8575949367088608,0.8367992766726944,0.8463624039765025,0.8549480343425214,0.847707897358123,0.010461120983887271,RandomForestClassifier,MinMaxScaler
1,3.6428607225418093,0.7026744436042441,0.012325739860534668,0.0007355536004776113,42,140,17,21,25,30,entropy,balanced_subsample,"{'model__random_state': 42, 'model__n_estimators': 140, 'model__min_samples_split': 17, 'model__min_samples_leaf': 21, 'model__max_features': 25, 'model__max_depth': 30, 'model__criterion': 'entropy', 'model__class_weight': 'balanced_subsample'}",0.32051282051282054,0.44871794871794873,0.28125,0.2857142857142857,0.34579439252336447,0.37777777777777777,0.35526315789473684,0.3448275862068966,0.38095238095238093,0.379746835443038,0.35205571857432494,0.047030153943329364,10,0.6654804270462633,0.7241830065359477,0.6723095525997581,0.6654456654456654,0.6727716727716728,0.6901234567901234,0.7023498694516971,0.6654456654456654,0.6789667896678967,0.6882793017456359,0.6825355407500326,0.01818056875791688,0.3333333333333333,0.4666666666666667,0.36,0.3466666666666667,0.49333333333333335,0.4533333333333333,0.35526315789473684,0.39473684210526316,0.4266666666666667,0.4,0.403,0.052477696093270125,7,0.8286558345642541,0.8183161004431314,0.8212703101920237,0.8050221565731167,0.8138847858197932,0.8257016248153619,0.7958579881656804,0.8062130177514792,0.8153618906942393,0.8153618906942393,0.8145645599713319,0.009455762735876198,0.32679738562091504,0.45751633986928103,0.3157894736842105,0.3132530120481928,0.40659340659340654,0.4121212121212121,0.35526315789473684,0.3680981595092025,0.4025157232704402,0.3896103896103897,0.3747558260221987,0.04498255628178127,7,0.738157894736842,0.768377253814147,0.7393617021276596,0.7286096256684492,0.7366310160427807,0.7518493611297914,0.7461858529819696,0.729096989966555,0.7409395973154362,0.7464503042596349,0.7425659598043265,0.01106505998806495,0.5813008130081301,0.6626016260162602,0.524390243902439,0.5365853658536586,0.5609756097560976,0.6056910569105691,0.6016260162601627,0.5813008130081301,0.6122448979591837,0.6163265306122448,0.5883042973286876,0.038682124319758475,13,0.8200723327305606,0.849005424954792,0.8227848101265823,0.8164556962025317,0.8218806509945751,0.8331826401446655,0.8345388788426763,0.8169077757685352,0.8255761409850881,0.8305467690917306,0.8270951119841736,0.009480603407003544,RandomForestClassifier,MinMaxScaler
2,21.753019714355467,2.4272957125278083,0.028122711181640624,0.001363034912264671,42,330,25,1,70,50,entropy,,"{'model__random_state': 42, 'model__n_estimators': 330, 'model__min_samples_split': 25, 'model__min_samples_leaf': 1, 'model__max_features': 70, 'model__max_depth': 50, 'model__criterion': 'entropy', 'model__class_weight': None}",0.3333333333333333,0.4,0.3,0.5,0.2,0.25,0.5,0.16666666666666666,0.6,0.2857142857142857,0.3535714285714286,0.13523830482881144,9,0.9980769230769231,1.0,1.0,1.0,1.0,1.0,1.0,1.0,0.9980842911877394,1.0,0.9996161214264662,0.0007677589148463646,0.04,0.02666666666666667,0.04,0.04,0.013333333333333334,0.013333333333333334,0.02631578947368421,0.013157894736842105,0.04,0.02666666666666667,0.02794736842105263,0.0111034892294556,13,0.7666174298375185,0.7680945347119645,0.7740029542097489,0.7666174298375185,0.7695716395864106,0.757754800590842,0.7514792899408284,0.772189349112426,0.7695716395864106,0.757754800590842,0.7653653868004511,0.006897886343968461,0.07142857142857142,0.05,0.07058823529411766,0.07407407407407407,0.025,0.025316455696202535,0.05,0.024390243902439022,0.075,0.04878048780487805,0.05145780682002828,0.01989470361187188,13,0.8671679197994986,0.8688387635756056,0.8726061615320566,0.8678929765886287,0.8697829716193657,0.8621848739495799,0.858108108108108,0.8714524207011686,0.8690575479566305,0.8621848739495799,0.8669276617780224,0.004391155640397937,0.6829268292682927,0.6910569105691057,0.6788617886178862,0.6951219512195121,0.6829268292682927,0.6869918699186992,0.6910569105691057,0.6747967479674797,0.6979591836734694,0.6816326530612244,0.6863331674133069,0.007011989387424329,7,0.9281193490054249,0.9290235081374322,0.9308318264014467,0.9285714285714286,0.9294755877034359,0.9258589511754068,0.9240506329113924,0.930379746835443,0.9290555806597379,0.9258924536827835,0.9281259065083931,0.002069473520819473,RandomForestClassifier,MinMaxScaler
3,13.411643052101136,1.6257634364604359,0.023912453651428224,0.001787185355496099,42,315,17,41,65,70,log_loss,balanced_subsample,"{'model__random_state': 42, 'model__n_estimators': 315, 'model__min_samples_split': 17, 'model__min_samples_leaf': 41, 'model__max_features': 65, 'model__max_depth': 70, 'model__criterion': 'log_loss', 'model__class_weight': 'balanced_subsample'}",0.3225806451612903,0.42201834862385323,0.3162393162393162,0.32432432432432434,0.36585365853658536,0.3508771929824561,0.3469387755102041,0.3523809523809524,0.3939393939393939,0.38144329896907214,0.3576595906667448,0.03215166205938439,3,0.5089463220675944,0.5472103004291845,0.5237113402061856,0.5227963525835866,0.5173116089613035,0.5292887029288703,0.5359828141783028,0.5197018104366348,0.5141361256544502,0.524416135881104,0.5243501513327218,0.010477946869564604,0.4,0.6133333333333333,0.49333333333333335,0.48,0.6,0.5333333333333333,0.4473684210526316,0.4868421052631579,0.52,0.49333333333333335,0.5067543859649123,0.06109946026211138,3,0.7562776957163959,0.7533234859675036,0.7503692762186115,0.7621861152141802,0.7503692762186115,0.7474150664697193,0.7381656804733728,0.7218934911242604,0.725258493353028,0.7296898079763663,0.743494838873205,0.013181095689995107,0.3571428571428571,0.5,0.3854166666666667,0.3870967741935484,0.4545454545454546,0.42328042328042326,0.39080459770114945,0.4088397790055249,0.44827586206896547,0.4302325581395348,0.41856349727441244,0.03961605166694687,1,0.6084373143196673,0.6339341205717837,0.6168791742562235,0.6201923076923077,0.6124171187462326,0.6197183098591549,0.6210329807093964,0.6043343653250774,0.6017156862745098,0.6102532427424335,0.6148914620496787,0.009000190852045111,0.5609756097560976,0.6260162601626016,0.5203252032520326,0.5365853658536586,0.5609756097560976,0.556910569105691,0.5691056910569106,0.5650406504065041,0.6081632653061224,0.6,0.5704098224655716,0.030718572982064398,14,0.7020795660036167,0.7337251356238698,0.7147377938517179,0.7142857142857143,0.7093128390596745,0.719258589511754,0.7246835443037974,0.711121157323689,0.7062810664256666,0.7148666967916855,0.7150352103181186,0.008680255092271055,RandomForestClassifier,MinMaxScaler
4,10.90614731311798,2.458317663121546,0.018397760391235352,0.0012138472421138959,42,225,21,21,180,60,log_loss,,"{'model__random_state': 42, 'model__n_estimators': 225, 'model__min_samples_split': 21, 'model__min_samples_leaf': 21, 'model__max_features': 180, 'model__max_depth': 60, 'model__criterion': 'log_loss', 'model__class_weight': None}",0.0,0.0,0.25,0.5,1.0,0.0,1.0,0.25,1.0,0.0,0.4,0.421307488658818,2,1.0,1.0,1.0,1.0,1.0,1.0,1.0,1.0,1.0,1.0,1.0,0.0,0.0,0.0,0.013333333333333334,0.013333333333333334,0.013333333333333334,0.0,0.013157894736842105,0.013157894736842105,0.013333333333333334,0.0,0.007964912280701755,0.0065036391545811425,14,0.12112259970457903,0.059084194977843424,0.10782865583456426,0.09896602658788774,0.08714918759231906,0.08862629246676514,0.09467455621301775,0.10650887573964497,0.0827178729689808,0.10487444608567208,0.09515527081712742,0.016234447389424998,0.0,0.0,0.025316455696202535,0.025974025974025976,0.02631578947368421,0.0,0.025974025974025976,0.025,0.02631578947368421,0.0,0.015489608659162291,0.012653002674160474,14,0.2160737812911726,0.11157601115760112,0.19466666666666668,0.1801075268817204,0.16032608695652173,0.1628222523744912,0.17297297297297295,0.1925133689839572,0.15279672578444747,0.18983957219251335,0.17336949652620648,0.027356139246617166,0.6951219512195121,0.6951219512195121,0.6869918699186992,0.6951219512195121,0.6991869918699187,0.6951219512195121,0.6951219512195121,0.6829268292682927,0.6979591836734694,0.6857142857142857,0.6928388916542227,0.005251421001232114,6,0.7310126582278481,0.7120253164556962,0.7269439421338155,0.7242314647377939,0.720614828209765,0.7210669077757685,0.7233273056057866,0.7269439421338155,0.719385449615906,0.7261635788522368,0.7231715393748432,0.00499584029290638,RandomForestClassifier,MinMaxScaler
5,18.667996096611024,2.5703213585112863,0.032688689231872556,0.0017053880042718172,42,470,7,41,190,80,log_loss,balanced,"{'model__random_state': 42, 'model__n_estimators': 470, 'model__min_samples_split': 7, 'model__min_samples_leaf': 41, 'model__max_features': 190, 'model__max_depth': 80, 'model__criterion': 'log_loss', 'model__class_weight': 'balanced'}",0.32978723404255317,0.42201834862385323,0.31896551724137934,0.32432432432432434,0.352,0.36036036036036034,0.3541666666666667,0.34615384615384615,0.3786407766990291,0.36082474226804123,0.35472418163800534,0.028417176458218733,5,0.5145728643216081,0.5402792696025779,0.5222337125129266,0.5209825997952917,0.5121951219512195,0.5318704284221526,0.5339805825242718,0.520855614973262,0.5189473684210526,0.5305466237942122,0.5246464186318575,0.008608813820085605,0.41333333333333333,0.6133333333333333,0.49333333333333335,0.48,0.5866666666666667,0.5333333333333333,0.4473684210526316,0.47368421052631576,0.52,0.4666666666666667,0.5027719298245614,0.058582506998187386,6,0.7562776957163959,0.7429837518463811,0.7459379615952733,0.7518463810930576,0.7444608567208272,0.7518463810930576,0.7322485207100592,0.7204142011834319,0.7282127031019202,0.7311669128508124,0.7405395365911216,0.01125806386282048,0.3668639053254438,0.5,0.387434554973822,0.3870967741935484,0.43999999999999995,0.43010752688172044,0.3953488372093023,0.39999999999999997,0.4382022471910112,0.40697674418604657,0.41520305899608945,0.03625911957967721,5,0.6124401913875598,0.6256218905472637,0.6143552311435524,0.6154776299879081,0.6068633353401565,0.6230110159118728,0.6175920149719277,0.6045934202358784,0.6060233558696988,0.6149068322981366,0.6140884917693954,0.00661587874330281,0.5650406504065041,0.6260162601626016,0.524390243902439,0.5365853658536586,0.5447154471544715,0.5691056910569106,0.5772357723577236,0.5609756097560976,0.5918367346938775,0.5836734693877551,0.567957524473204,0.02784815664239149,15,0.7070524412296564,0.7278481012658228,0.713381555153707,0.7124773960216998,0.7047920433996383,0.7215189873417721,0.722875226039783,0.7120253164556962,0.710347943967465,0.7198373248983281,0.7152156335773567,0.0070665702535615185,RandomForestClassifier,MinMaxScaler
6,0.09376180171966553,0.011091245412946912,0.0,0.0,42,480,1,41,160,70,log_loss,balanced,"{'model__random_state': 42, 'model__n_estimators': 480, 'model__min_samples_split': 1, 'model__min_samples_leaf': 41, 'model__max_features': 160, 'model__max_depth': 70, 'model__criterion': 'log_loss', 'model__class_weight': 'balanced'}",,,,,,,,,,,,,20,,,,,,,,,,,,,,,,,,,,,,,,,20,,,,,,,,,,,,,,,,,,,,,,,,,20,,,,,,,,,,,,,,,,,,,,,,,,,20,,,,,,,,,,,,,RandomForestClassifier,MinMaxScaler
7,5.467147994041443,0.9594684968018946,0.012623906135559082,0.0007922610513974632,42,150,27,41,175,20,log_loss,balanced,"{'model__random_state': 42, 'model__n_estimators': 150, 'model__min_samples_split': 27, 'model__min_samples_leaf': 41, 'model__max_features': 175, 'model__max_depth': 20, 'model__criterion': 'log_loss', 'model__class_weight': 'balanced'}",0.30612244897959184,0.41739130434782606,0.3008849557522124,0.3162393162393162,0.3492063492063492,0.35398230088495575,0.3434343434343434,0.3364485981308411,0.39215686274509803,0.3939393939393939,0.3509805873659928,0.037363607381817245,12,0.5182186234817814,0.540169133192389,0.5192107995846313,0.5188199389623601,0.5193312434691745,0.5219164118246687,0.532972972972973,0.5203336809176226,0.5182863113897597,0.5271565495207667,0.5236415665316126,0.007113752310322056,0.4,0.64,0.4533333333333333,0.49333333333333335,0.5866666666666667,0.5333333333333333,0.4473684210526316,0.47368421052631576,0.5333333333333333,0.52,0.5081052631578947,0.06690381642708033,2,0.7562776957163959,0.7548005908419497,0.7385524372230429,0.7533234859675036,0.7341211225997046,0.7562776957163959,0.7292899408284024,0.7381656804733728,0.7326440177252584,0.7311669128508124,0.7424619579942838,0.010736609280817279,0.3468208092485549,0.5052631578947369,0.36170212765957444,0.3854166666666667,0.43781094527363185,0.425531914893617,0.38857142857142857,0.3934426229508196,0.4519774011299435,0.44827586206896547,0.4144812936357939,0.045582943639274856,6,0.6150150150150151,0.6296980899568699,0.6097560975609757,0.6144578313253012,0.6083231334149327,0.6176115802171291,0.6158650843222986,0.6103975535168197,0.6070991432068543,0.6126237623762376,0.6140847290912435,0.006138820339279194,0.540650406504065,0.6178861788617886,0.5121951219512195,0.5203252032520326,0.540650406504065,0.5609756097560976,0.5650406504065041,0.5487804878048781,0.6040816326530613,0.6081632653061224,0.5618748962999833,0.03512690511296131,19,0.7102169981916817,0.7283001808318263,0.7106690777576854,0.7106690777576854,0.7106690777576854,0.713381555153707,0.7219710669077758,0.7120253164556962,0.709896068685043,0.7171260732037957,0.7144924492702581,0.005866009574741562,RandomForestClassifier,MinMaxScaler
8,7.630110454559326,1.6357032209411908,0.014521551132202149,0.0013037258048813794,42,170,5,41,80,60,log_loss,balanced_subsample,"{'model__random_state': 42, 'model__n_estimators': 170, 'model__min_samples_split': 5, 'model__min_samples_leaf': 41, 'model__max_features': 80, 'model__max_depth': 60, 'model__criterion': 'log_loss', 'model__class_weight': 'balanced_subsample'}",0.3125,0.41228070175438597,0.3125,0.3157894736842105,0.352,0.3565217391304348,0.36,0.3490566037735849,0.40404040404040403,0.38144329896907214,0.3556132221352092,0.03406337137023301,4,0.5124875124875125,0.5416666666666666,0.5174537987679672,0.5204081632653061,0.5146443514644351,0.5231243576567317,0.5339074273412271,0.51875,0.516162669447341,0.5259809119830329,0.522458585908022,0.008694856154865208,0.4,0.6266666666666667,0.4666666666666667,0.48,0.5866666666666667,0.5466666666666666,0.47368421052631576,0.4868421052631579,0.5333333333333333,0.49333333333333335,0.5093859649122807,0.06195537716468478,1,0.757754800590842,0.7488921713441654,0.7444608567208272,0.7533234859675036,0.7267355982274741,0.7518463810930576,0.7337278106508875,0.7366863905325444,0.7311669128508124,0.7326440177252584,0.7417238425703373,0.010299209747848771,0.3508771929824561,0.49735449735449744,0.37433155080213903,0.38095238095238093,0.43999999999999995,0.43157894736842106,0.40909090909090906,0.4065934065934066,0.4597701149425287,0.4302325581395348,0.41807815582262736,0.041053932805481905,2,0.6114421930870083,0.6286422814631122,0.6105390672319806,0.6155703077851539,0.6025719534598897,0.616969696969697,0.6180685358255451,0.60880195599022,0.6051344743276283,0.6123456790123456,0.613008614515258,0.006999146873042635,0.5487804878048781,0.6138211382113821,0.524390243902439,0.524390243902439,0.5447154471544715,0.5609756097560976,0.5772357723577236,0.5609756097560976,0.6163265306122448,0.6,0.5671611083457773,0.03217321585974999,18,0.705244122965642,0.7292043399638336,0.7093128390596745,0.7120253164556962,0.7066003616636528,0.7142857142857143,0.722875226039783,0.7106690777576854,0.7080885675553548,0.7162223226389517,0.7134527888385989,0.007178415566601407,RandomForestClassifier,MinMaxScaler
9,10.157945537567139,1.7127270584656258,0.019578719139099122,0.0014735692282946467,42,260,17,41,45,30,entropy,,"{'model__random_state': 42, 'model__n_estimators': 260, 'model__min_samples_split': 17, 'model__min_samples_leaf': 41, 'model__max_features': 45, 'model__max_depth': 30, 'model__criterion': 'entropy', 'model__class_weight': None}",0.0,0.0,0.0,0.0,0.0,0.0,0.0,0.0,0.0,0.0,0.0,0.0,17,1.0,1.0,1.0,1.0,1.0,1.0,1.0,1.0,1.0,1.0,1.0,0.0,0.0,0.0,0.0,0.0,0.0,0.0,0.0,0.0,0.0,0.0,0.0,0.0,17,0.014771048744460856,0.0014771048744460858,0.01772525849335303,0.0103397341211226,0.0029542097488921715,0.0029542097488921715,0.010355029585798817,0.02514792899408284,0.0103397341211226,0.007385524372230428,0.01034497828044016,0.006998789943902246,0.0,0.0,0.0,0.0,0.0,0.0,0.0,0.0,0.0,0.0,0.0,0.0,17,0.02911208151382824,0.0029498525073746312,0.03483309143686503,0.02046783625730994,0.0058910162002945516,0.0058910162002945516,0.020497803806734993,0.049062049062049064,0.02046783625730994,0.014662756598240467,0.020383533984030137,0.01365352862132295,0.6951219512195121,0.6951219512195121,0.6910569105691057,0.6951219512195121,0.6951219512195121,0.6951219512195121,0.6910569105691057,0.6869918699186992,0.6938775510204082,0.6938775510204082,0.6932470549195289,0.002590213027742864,2,0.6984629294755877,0.6943942133815552,0.6993670886075949,0.6971066907775768,0.6948462929475587,0.6948462929475587,0.6975587703435805,0.7020795660036167,0.6972435607772255,0.6963398102123813,0.6972245215474236,0.002234434477051687,RandomForestClassifier,MinMaxScaler
10,13.55229299068451,2.067865964533682,0.026912522315979005,0.004577813584728097,42,345,17,41,195,30,entropy,,"{'model__random_state': 42, 'model__n_estimators': 345, 'model__min_samples_split': 17, 'model__min_samples_leaf': 41, 'model__max_features': 195, 'model__max_depth': 30, 'model__criterion': 'entropy', 'model__class_weight': None}",0.0,0.0,0.0,0.0,0.0,0.0,0.0,0.0,0.0,0.0,0.0,0.0,17,1.0,1.0,1.0,1.0,1.0,1.0,1.0,1.0,1.0,1.0,1.0,0.0,0.0,0.0,0.0,0.0,0.0,0.0,0.0,0.0,0.0,0.0,0.0,0.0,17,0.014771048744460856,0.0014771048744460858,0.01624815361890694,0.011816838995568686,0.004431314623338257,0.0029542097488921715,0.010355029585798817,0.02514792899408284,0.008862629246676515,0.007385524372230428,0.010344978280440158,0.006744784546795204,0.0,0.0,0.0,0.0,0.0,0.0,0.0,0.0,0.0,0.0,0.0,0.0,17,0.02911208151382824,0.0029498525073746312,0.031976744186046506,0.023357664233576644,0.008823529411764706,0.0058910162002945516,0.020497803806734993,0.049062049062049064,0.017569546120058566,0.014662756598240467,0.020390304363996838,0.013153521166022246,0.6951219512195121,0.6951219512195121,0.6910569105691057,0.6951219512195121,0.6951219512195121,0.6951219512195121,0.6910569105691057,0.6869918699186992,0.6938775510204082,0.6938775510204082,0.6932470549195289,0.002590213027742864,2,0.6984629294755877,0.6943942133815552,0.6989150090415913,0.6975587703435805,0.6952983725135624,0.6948462929475587,0.6975587703435805,0.7020795660036167,0.6967916854948034,0.6963398102123813,0.6972245419757818,0.002157151599443602,RandomForestClassifier,MinMaxScaler
11,11.959006881713867,1.9640650534607988,0.018270540237426757,0.0010554469232730195,42,185,3,1,100,50,entropy,balanced_subsample,"{'model__random_state': 42, 'model__n_estimators': 185, 'model__min_samples_split': 3, 'model__min_samples_leaf': 1, 'model__max_features': 100, 'model__max_depth': 50, 'model__criterion': 'entropy', 'model__class_weight': 'balanced_subsample'}",0.2857142857142857,0.8888888888888888,0.28,0.4444444444444444,0.35294117647058826,0.3125,0.4166666666666667,0.46153846153846156,0.625,0.4,0.4467693923723336,0.17639037986247477,1,0.9970544918998527,0.9970544918998527,1.0,0.9970544918998527,0.9970544918998527,0.9970544918998527,0.9985228951255539,0.9970501474926253,0.9970544918998527,0.9970544918998527,0.9974954485917149,0.0009427521855809855,0.05333333333333334,0.10666666666666667,0.09333333333333334,0.10666666666666667,0.08,0.06666666666666667,0.06578947368421052,0.07894736842105263,0.06666666666666667,0.08,0.07980701754385965,0.016939130248615573,12,1.0,1.0,1.0,1.0,1.0,1.0,1.0,1.0,1.0,1.0,1.0,0.0,0.0898876404494382,0.19047619047619047,0.14,0.17204301075268816,0.13043478260869565,0.10989010989010989,0.11363636363636363,0.13483146067415727,0.12048192771084337,0.13333333333333333,0.13350148195318198,0.02794422146408937,12,0.9985250737463127,0.9985250737463127,1.0,0.9985250737463127,0.9985250737463127,0.9985250737463127,0.999260901699926,0.9985228951255538,0.9985250737463127,0.9985250737463127,0.9987459313049669,0.00047213074093690625,0.6707317073170732,0.7235772357723578,0.6504065040650406,0.6869918699186992,0.6747967479674797,0.6707317073170732,0.6829268292682927,0.6869918699186992,0.7020408163265306,0.6816326530612244,0.683082794093247,0.018637039934145064,8,0.9990958408679927,0.9990958408679927,1.0,0.9990958408679927,0.9990958408679927,0.9990958408679927,0.9995479204339964,0.9990958408679927,0.9990962494351558,0.9990962494351558,0.9992315464512262,0.00028943392175700787,RandomForestClassifier,MinMaxScaler
12,16.299173641204835,2.4330925318326773,0.02937970161437988,0.0018901771818157546,42,410,3,41,155,70,entropy,balanced_subsample,"{'model__random_state': 42, 'model__n_estimators': 410, 'model__min_samples_split': 3, 'model__min_samples_leaf': 41, 'model__max_features': 155, 'model__max_depth': 70, 'model__criterion': 'entropy', 'model__class_weight': 'balanced_subsample'}",0.3263157894736842,0.42342342342342343,0.31896551724137934,0.32727272727272727,0.35714285714285715,0.35398230088495575,0.3473684210526316,0.34615384615384615,0.36893203883495146,0.37755102040816324,0.354710794188862,0.029009948669262087,6,0.513,0.5409139213602551,0.5233644859813084,0.523517382413088,0.5106382978723404,0.5334029227557411,0.5383783783783784,0.5242718446601942,0.5199579831932774,0.528101802757158,0.5255547019371741,0.009436476792658396,0.41333333333333333,0.6266666666666667,0.49333333333333335,0.48,0.6,0.5333333333333333,0.4342105263157895,0.47368421052631576,0.5066666666666667,0.49333333333333335,0.5054561403508773,0.06318471409129268,4,0.757754800590842,0.7518463810930576,0.7444608567208272,0.7562776957163959,0.7444608567208272,0.7548005908419497,0.7366863905325444,0.7189349112426036,0.7311669128508124,0.7355982274741507,0.7431987623784011,0.011954853558182635,0.3647058823529412,0.5053763440860216,0.387434554973822,0.3891891891891892,0.44776119402985076,0.425531914893617,0.38596491228070173,0.39999999999999997,0.4269662921348315,0.42774566473988446,0.416067594868086,0.03830134915117635,3,0.6118067978533095,0.6291718170580964,0.6146341463414634,0.6187311178247735,0.6057692307692307,0.6250764525993884,0.6221111805121798,0.6063630692451653,0.6077348066298343,0.6148148148148149,0.6156213433648255,0.007654777194721134,0.5609756097560976,0.6260162601626016,0.524390243902439,0.540650406504065,0.5487804878048781,0.5609756097560976,0.573170731707317,0.5609756097560976,0.5836734693877551,0.5959183673469388,0.5675526796084288,0.027537141731632322,16,0.7056962025316456,0.72875226039783,0.7142857142857143,0.7147377938517179,0.7034358047016275,0.722875226039783,0.726491862567812,0.7147377938517179,0.7112516945323091,0.7180298237686399,0.7160294176528795,0.00785352369228933,RandomForestClassifier,MinMaxScaler
13,20.42642478942871,2.7647018163185333,0.03636260032653808,0.002642735325555269,42,490,5,41,65,20,entropy,balanced_subsample,"{'model__random_state': 42, 'model__n_estimators': 490, 'model__min_samples_split': 5, 'model__min_samples_leaf': 41, 'model__max_features': 65, 'model__max_depth': 20, 'model__criterion': 'entropy', 'model__class_weight': 'balanced_subsample'}",0.32978723404255317,0.42857142857142855,0.3217391304347826,0.32432432432432434,0.3492063492063492,0.36036036036036034,0.3541666666666667,0.3584905660377358,0.35294117647058826,0.3645833333333333,0.3544170569448123,0.02874644386028731,7,0.5105105105105106,0.540948275862069,0.5253360910031024,0.5184049079754601,0.5111561866125761,0.5283797729618163,0.5367170626349892,0.5202558635394456,0.5194942044257113,0.5313496280552603,0.5242552503580941,0.009673967477699472,0.41333333333333333,0.64,0.49333333333333335,0.48,0.5866666666666667,0.5333333333333333,0.4473684210526316,0.5,0.48,0.4666666666666667,0.5040701754385966,0.06347701057105039,5,0.7533234859675036,0.741506646971935,0.7503692762186115,0.7488921713441654,0.7444608567208272,0.7562776957163959,0.735207100591716,0.7218934911242604,0.7282127031019202,0.7385524372230429,0.7418695864980378,0.010526824318287619,0.3668639053254438,0.5133689839572193,0.3894736842105263,0.3870967741935484,0.43781094527363185,0.43010752688172044,0.3953488372093023,0.4175824175824176,0.4067796610169491,0.4093567251461988,0.4153789460796958,0.03829245567810574,4,0.6085918854415274,0.6255451713395639,0.6180048661800488,0.6126888217522658,0.6061334936861095,0.6221142162818954,0.6204744069912609,0.6047087980173482,0.6063960639606396,0.6180469715698392,0.6142704695220499,0.00713953722615023,0.5650406504065041,0.6300813008130082,0.5284552845528455,0.5365853658536586,0.540650406504065,0.5691056910569106,0.5772357723577236,0.5691056910569106,0.5714285714285714,0.5877551020408164,0.5675443836071014,0.027657182748011374,17,0.7034358047016275,0.7283001808318263,0.7160940325497287,0.7102169981916817,0.703887884267631,0.7188065099457505,0.7251356238698011,0.7115732368896925,0.710799819249887,0.7207410754631721,0.7148991165960799,0.007985244757882634,RandomForestClassifier,MinMaxScaler
14,8.470066213607788,1.2121905368041856,0.017501449584960936,0.001383384741223806,42,220,5,41,100,40,entropy,,"{'model__random_state': 42, 'model__n_estimators': 220, 'model__min_samples_split': 5, 'model__min_samples_leaf': 41, 'model__max_features': 100, 'model__max_depth': 40, 'model__criterion': 'entropy', 'model__class_weight': None}",0.0,0.0,0.0,0.0,1.0,0.0,0.0,0.0,0.0,0.0,0.1,0.30000000000000004,15,1.0,0.0,1.0,1.0,1.0,1.0,1.0,1.0,1.0,1.0,0.9,0.30000000000000004,0.0,0.0,0.0,0.0,0.013333333333333334,0.0,0.0,0.0,0.0,0.0,0.0013333333333333335,0.004,15,0.013293943870014771,0.0,0.01772525849335303,0.0103397341211226,0.005908419497784343,0.004431314623338257,0.013313609467455622,0.029585798816568046,0.0103397341211226,0.007385524372230428,0.011232333738298971,0.007776531056666529,0.0,0.0,0.0,0.0,0.02631578947368421,0.0,0.0,0.0,0.0,0.0,0.002631578947368421,0.007894736842105262,15,0.026239067055393583,0.0,0.03483309143686503,0.02046783625730994,0.011747430249632894,0.008823529411764706,0.026277372262773727,0.05747126436781609,0.02046783625730994,0.014662756598240467,0.022099018389710637,0.015100765358392146,0.6951219512195121,0.6951219512195121,0.6910569105691057,0.6951219512195121,0.6991869918699187,0.6951219512195121,0.6910569105691057,0.6869918699186992,0.6938775510204082,0.6938775510204082,0.6936535589845695,0.0031178068346332717,1,0.6980108499095841,0.6939421338155516,0.6993670886075949,0.6971066907775768,0.695750452079566,0.6952983725135624,0.6984629294755877,0.7034358047016275,0.6972435607772255,0.6963398102123813,0.6974957692870258,0.0024907991891021134,RandomForestClassifier,MinMaxScaler
15,6.888046216964722,1.4015704545961774,0.012407493591308594,0.0008994997103612956,42,140,9,21,115,80,entropy,balanced_subsample,"{'model__random_state': 42, 'model__n_estimators': 140, 'model__min_samples_split': 9, 'model__min_samples_leaf': 21, 'model__max_features': 115, 'model__max_depth': 80, 'model__criterion': 'entropy', 'model__class_weight': 'balanced_subsample'}",0.3026315789473684,0.4166666666666667,0.30927835051546393,0.30952380952380953,0.32038834951456313,0.3488372093023256,0.3783783783783784,0.3855421686746988,0.37333333333333335,0.3466666666666667,0.3491246511523275,0.036714383733544916,14,0.68408262454435,0.7436241610738255,0.6968553459119496,0.701120797011208,0.6908866995073891,0.7182741116751269,0.7327935222672065,0.6996245306633292,0.6991150442477876,0.7126582278481013,0.7079035064750274,0.017878720654149242,0.30666666666666664,0.4666666666666667,0.4,0.3466666666666667,0.44,0.4,0.3684210526315789,0.42105263157894735,0.37333333333333335,0.3466666666666667,0.38694736842105265,0.04570808118647579,11,0.8316100443131462,0.8183161004431314,0.8183161004431314,0.8316100443131462,0.8286558345642541,0.8360413589364845,0.8032544378698225,0.8269230769230769,0.8168389955686853,0.8316100443131462,0.8243176037688024,0.009456304045118566,0.304635761589404,0.44025157232704404,0.3488372093023256,0.32704402515723274,0.3707865168539326,0.3726708074534161,0.37333333333333335,0.4025157232704403,0.37333333333333335,0.3466666666666667,0.36600749492871293,0.03601824029913717,11,0.7506666666666667,0.7791842475386778,0.7527173913043479,0.7608108108108108,0.7535258562793821,0.7726962457337885,0.766407904022583,0.7579661016949154,0.7534059945504087,0.7675528289025222,0.7614934047504104,0.009139863194062828,0.573170731707317,0.6382113821138211,0.5447154471544715,0.5650406504065041,0.5447154471544715,0.5894308943089431,0.6178861788617886,0.6138211382113821,0.6163265306122448,0.6,0.5903318400530944,0.030772238683455192,12,0.8309222423146474,0.8580470162748643,0.8354430379746836,0.8399638336347197,0.8340867992766727,0.8494575045207957,0.8503616636528029,0.8386075949367089,0.8364211477632173,0.8459105286940805,0.8419221369043193,0.008205957116518987,RandomForestClassifier,MinMaxScaler
16,8.170901703834534,1.252871770813553,0.01572115421295166,0.0012828619130446594,42,195,23,41,60,70,entropy,,"{'model__random_state': 42, 'model__n_estimators': 195, 'model__min_samples_split': 23, 'model__min_samples_leaf': 41, 'model__max_features': 60, 'model__max_depth': 70, 'model__criterion': 'entropy', 'model__class_weight': None}",0.0,0.0,0.0,0.0,1.0,0.0,0.0,0.0,0.0,0.0,0.1,0.30000000000000004,15,1.0,0.0,1.0,1.0,1.0,1.0,1.0,1.0,1.0,1.0,0.9,0.30000000000000004,0.0,0.0,0.0,0.0,0.013333333333333334,0.0,0.0,0.0,0.0,0.0,0.0013333333333333335,0.004,15,0.014771048744460856,0.0,0.01772525849335303,0.011816838995568686,0.007385524372230428,0.007385524372230428,0.013313609467455622,0.028106508875739646,0.011816838995568686,0.007385524372230428,0.011970667668883783,0.007138215056760323,0.0,0.0,0.0,0.0,0.02631578947368421,0.0,0.0,0.0,0.0,0.0,0.002631578947368421,0.007894736842105262,15,0.02911208151382824,0.0,0.03483309143686503,0.023357664233576644,0.014662756598240467,0.014662756598240467,0.026277372262773727,0.05467625899280575,0.023357664233576644,0.014662756598240467,0.023560240246814745,0.01387858849018874,0.6951219512195121,0.6951219512195121,0.6910569105691057,0.6951219512195121,0.6991869918699187,0.6951219512195121,0.6910569105691057,0.6829268292682927,0.6938775510204082,0.6938775510204082,0.6932470549195289,0.004077246230332824,2,0.6984629294755877,0.6939421338155516,0.6993670886075949,0.6975587703435805,0.6962025316455697,0.6962025316455697,0.6984629294755877,0.7029837251356239,0.6976954360596476,0.6963398102123813,0.6977217886416696,0.0022876357918992954,RandomForestClassifier,MinMaxScaler
17,14.663239979743958,2.0704261202761876,0.025998187065124512,0.0018981485003904757,42,320,11,21,160,80,gini,balanced_subsample,"{'model__random_state': 42, 'model__n_estimators': 320, 'model__min_samples_split': 11, 'model__min_samples_leaf': 21, 'model__max_features': 160, 'model__max_depth': 80, 'model__criterion': 'gini', 'model__class_weight': 'balanced_subsample'}",0.2987012987012987,0.43529411764705883,0.3263157894736842,0.30952380952380953,0.34545454545454546,0.37362637362637363,0.3333333333333333,0.3780487804878049,0.3670886075949367,0.37333333333333335,0.35407199891761787,0.0379735945603776,8,0.6899509803921569,0.7588075880758808,0.6926889714993805,0.6976160602258469,0.6926829268292682,0.7259923175416133,0.7439353099730458,0.6942355889724311,0.7039390088945362,0.7153846153846154,0.7115233367788776,0.022881125018815614,0.30666666666666664,0.49333333333333335,0.41333333333333333,0.3466666666666667,0.5066666666666667,0.4533333333333333,0.3157894736842105,0.40789473684210525,0.38666666666666666,0.37333333333333335,0.40036842105263154,0.06535131048955616,8,0.8316100443131462,0.827178729689808,0.8257016248153619,0.8212703101920237,0.8389955686853766,0.8375184638109305,0.8165680473372781,0.8195266272189349,0.8183161004431314,0.8242245199409158,0.8260910036446907,0.007415247263098399,0.30263157894736836,0.4625,0.3647058823529412,0.32704402515723274,0.4108108108108108,0.40963855421686746,0.3243243243243243,0.3924050632911393,0.37662337662337664,0.37333333333333335,0.37440169490573944,0.04544691422858201,8,0.754186202277294,0.7915194346289753,0.7533692722371967,0.7544097693351425,0.7588510354041417,0.7777777777777777,0.7785613540197462,0.7516960651289009,0.7568306010928961,0.7659574468085106,0.7643158958710582,0.013010025452704988,0.5691056910569106,0.6504065040650406,0.5609756097560976,0.5650406504065041,0.556910569105691,0.6016260162601627,0.5934959349593496,0.6097560975609756,0.6081632653061224,0.6163265306122448,0.5931806869089098,0.028469851795069587,9,0.8340867992766727,0.8666365280289331,0.8345388788426763,0.8363471971066908,0.8367992766726944,0.8535262206148282,0.8580470162748643,0.8345388788426763,0.8391323994577496,0.8459105286940805,0.8439563723811865,0.011025051256662165,RandomForestClassifier,MinMaxScaler
18,7.216083240509033,1.0325074018983698,0.01687479019165039,0.0013677300257927889,42,210,11,41,100,70,gini,,"{'model__random_state': 42, 'model__n_estimators': 210, 'model__min_samples_split': 11, 'model__min_samples_leaf': 41, 'model__max_features': 100, 'model__max_depth': 70, 'model__criterion': 'gini', 'model__class_weight': None}",0.0,0.0,0.0,0.0,0.0,0.0,0.0,0.0,0.0,0.0,0.0,0.0,17,1.0,0.0,1.0,1.0,1.0,1.0,1.0,1.0,1.0,1.0,0.9,0.30000000000000004,0.0,0.0,0.0,0.0,0.0,0.0,0.0,0.0,0.0,0.0,0.0,0.0,17,0.011816838995568686,0.0,0.01772525849335303,0.013293943870014771,0.005908419497784343,0.005908419497784343,0.0073964497041420114,0.028106508875739646,0.0103397341211226,0.007385524372230428,0.010788109742773987,0.007366658137724165,0.0,0.0,0.0,0.0,0.0,0.0,0.0,0.0,0.0,0.0,0.0,0.0,17,0.023357664233576644,0.0,0.03483309143686503,0.026239067055393583,0.011747430249632894,0.011747430249632894,0.014684287812041114,0.05467625899280575,0.02046783625730994,0.014662756598240467,0.02124158228854983,0.014319286955966466,0.6951219512195121,0.6951219512195121,0.6910569105691057,0.6951219512195121,0.6951219512195121,0.6951219512195121,0.6910569105691057,0.6869918699186992,0.6938775510204082,0.6938775510204082,0.6932470549195289,0.002590213027742864,2,0.6975587703435805,0.6939421338155516,0.6993670886075949,0.6980108499095841,0.695750452079566,0.695750452079566,0.6966546112115732,0.7029837251356239,0.6972435607772255,0.6963398102123813,0.6973601454172248,0.002335226349456495,RandomForestClassifier,MinMaxScaler
19,13.40531837940216,0.610722621108995,0.024970006942749024,0.0007261769254454651,42,350,7,21,85,40,gini,balanced_subsample,"{'model__random_state': 42, 'model__n_estimators': 350, 'model__min_samples_split': 7, 'model__min_samples_leaf': 21, 'model__max_features': 85, 'model__max_depth': 40, 'model__criterion': 'gini', 'model__class_weight': 'balanced_subsample'}",0.2948717948717949,0.41379310344827586,0.32978723404255317,0.3132530120481928,0.3482142857142857,0.3707865168539326,0.3333333333333333,0.37037037037037035,0.38271604938271603,0.36,0.35171257000654543,0.03337152203836778,11,0.6888068880688807,0.7574123989218329,0.6939281288723668,0.6978776529338327,0.6951219512195121,0.7234314980793854,0.7432795698924731,0.6946182728410513,0.7040302267002518,0.7119078104993598,0.7110414398028947,0.022083162475281054,0.30666666666666664,0.48,0.41333333333333333,0.3466666666666667,0.52,0.44,0.3157894736842105,0.39473684210526316,0.41333333333333333,0.36,0.3990526315789473,0.06559058592150725,9,0.827178729689808,0.8301329394387001,0.827178729689808,0.8257016248153619,0.8419497784342689,0.8345642540620384,0.8180473372781065,0.8210059171597633,0.8257016248153619,0.8212703101920237,0.827273124557524,0.006649264193003349,0.3006535947712418,0.4444444444444445,0.3668639053254438,0.32911392405063294,0.41711229946524064,0.4024390243902439,0.3243243243243243,0.38216560509554137,0.39743589743589747,0.36,0.3724553019303011,0.04281469055782784,9,0.7516778523489932,0.792107117688513,0.7547169811320754,0.756427604871448,0.7615230460921844,0.7750342935528121,0.7788732394366197,0.7525423728813561,0.7600271923861318,0.7626886145404663,0.76456183149306,0.012570158257033281,0.5650406504065041,0.6341463414634146,0.5650406504065041,0.5691056910569106,0.556910569105691,0.6016260162601627,0.5934959349593496,0.6056910569105691,0.6163265306122448,0.6081632653061224,0.5915546706487473,0.024736078522419817,10,0.8327305605786618,0.8666365280289331,0.8354430379746836,0.8372513562386981,0.8386075949367089,0.8517179023508138,0.8580470162748643,0.8349909584086799,0.8404880253050158,0.8436511522819702,0.8439564132379029,0.01066649270570969,RandomForestClassifier,MinMaxScaler
20,15.370672869682313,2.124628948054474,0.028128528594970705,0.0020099936821969307,42,380,23,41,70,20,log_loss,,"{'model__random_state': 42, 'model__n_estimators': 380, 'model__min_samples_split': 23, 'model__min_samples_leaf': 41, 'model__max_features': 70, 'model__max_depth': 20, 'model__criterion': 'log_loss', 'model__class_weight': None}",0.0,0.0,0.0,0.0,0.0,0.0,0.0,0.0,0.0,0.0,0.0,0.0,16,1.0,1.0,1.0,1.0,1.0,1.0,1.0,1.0,1.0,1.0,1.0,0.0,0.0,0.0,0.0,0.0,0.0,0.0,0.0,0.0,0.0,0.0,0.0,0.0,16,0.014771048744460856,0.0014771048744460858,0.01772525849335303,0.0103397341211226,0.004431314623338257,0.0029542097488921715,0.008875739644970414,0.02514792899408284,0.0103397341211226,0.008862629246676515,0.010492470261246537,0.0068231853167663396,0.0,0.0,0.0,0.0,0.0,0.0,0.0,0.0,0.0,0.0,0.0,0.0,16,0.02911208151382824,0.0029498525073746312,0.03483309143686503,0.02046783625730994,0.008823529411764706,0.0058910162002945516,0.017595307917888565,0.049062049062049064,0.02046783625730994,0.017569546120058566,0.020677214668474324,0.013303679827370869,0.6951219512195121,0.6951219512195121,0.6910569105691057,0.6951219512195121,0.6951219512195121,0.6951219512195121,0.6910569105691057,0.6869918699186992,0.6938775510204082,0.6938775510204082,0.6932470549195289,0.002590213027742864,4,0.6984629294755877,0.6943942133815552,0.6993670886075949,0.6971066907775768,0.6952983725135624,0.6948462929475587,0.6971066907775768,0.7020795660036167,0.6972435607772255,0.6967916854948034,0.6972697090756659,0.002174107374473514,RandomForestClassifier,StandardScaler
21,8.912969708442688,1.4247946195303245,0.018091106414794923,0.0014496576422740742,42,225,9,41,155,30,entropy,,"{'model__random_state': 42, 'model__n_estimators': 225, 'model__min_samples_split': 9, 'model__min_samples_leaf': 41, 'model__max_features': 155, 'model__max_depth': 30, 'model__criterion': 'entropy', 'model__class_weight': None}",0.0,0.0,0.0,0.0,0.0,0.0,0.0,0.0,0.0,0.0,0.0,0.0,16,1.0,0.0,1.0,1.0,1.0,1.0,1.0,1.0,1.0,1.0,0.9,0.30000000000000004,0.0,0.0,0.0,0.0,0.0,0.0,0.0,0.0,0.0,0.0,0.0,0.0,16,0.014771048744460856,0.0,0.01772525849335303,0.0103397341211226,0.004431314623338257,0.004431314623338257,0.011834319526627219,0.03106508875739645,0.0103397341211226,0.008862629246676515,0.011380044225743579,0.008210024124014113,0.0,0.0,0.0,0.0,0.0,0.0,0.0,0.0,0.0,0.0,0.0,0.0,16,0.02911208151382824,0.0,0.03483309143686503,0.02046783625730994,0.008823529411764706,0.008823529411764706,0.023391812865497075,0.06025824964131994,0.02046783625730994,0.017569546120058566,0.022374751291571814,0.015921868891645305,0.6951219512195121,0.6951219512195121,0.6910569105691057,0.6951219512195121,0.6951219512195121,0.6951219512195121,0.6910569105691057,0.6869918699186992,0.6938775510204082,0.6938775510204082,0.6932470549195289,0.002590213027742864,4,0.6984629294755877,0.6939421338155516,0.6993670886075949,0.6971066907775768,0.6952983725135624,0.6952983725135624,0.6980108499095841,0.703887884267631,0.6972435607772255,0.6967916854948034,0.6975409568152681,0.002617965108731901,RandomForestClassifier,StandardScaler
22,13.799438858032227,1.8489000772622801,0.025457429885864257,0.001727546053344781,42,310,13,21,135,30,gini,balanced,"{'model__random_state': 42, 'model__n_estimators': 310, 'model__min_samples_split': 13, 'model__min_samples_leaf': 21, 'model__max_features': 135, 'model__max_depth': 30, 'model__criterion': 'gini', 'model__class_weight': 'balanced'}",0.2987012987012987,0.42528735632183906,0.3157894736842105,0.30952380952380953,0.35454545454545455,0.36666666666666664,0.3380281690140845,0.3614457831325301,0.3670886075949367,0.36,0.349707661918483,0.03474530241716512,13,0.6939281288723668,0.7496688741721854,0.6901234567901234,0.7026348808030113,0.6916461916461917,0.7297297297297297,0.7393048128342246,0.6899128268991283,0.7033248081841432,0.7198443579766537,0.7110118067907758,0.020978249939053735,0.30666666666666664,0.49333333333333335,0.4,0.3466666666666667,0.52,0.44,0.3157894736842105,0.39473684210526316,0.38666666666666666,0.36,0.3963859649122807,0.06710659097413532,6,0.827178729689808,0.8360413589364845,0.8257016248153619,0.827178729689808,0.8316100443131462,0.8375184638109305,0.8180473372781065,0.8195266272189349,0.8124076809453471,0.8197932053175776,0.8255003802015505,0.0077056665368974,0.30263157894736836,0.45679012345679015,0.35294117647058826,0.32704402515723274,0.42162162162162165,0.4,0.32653061224489793,0.3773584905660378,0.37662337662337664,0.36,0.37015410050879133,0.044563895074327106,7,0.7547169811320754,0.7905027932960894,0.7518493611297914,0.7598371777476256,0.7551978537894032,0.7799174690508941,0.7766853932584269,0.7491548343475322,0.7539410555174777,0.7665745856353592,0.7638377504904675,0.013316264327462302,0.5691056910569106,0.6422764227642277,0.5528455284552846,0.5650406504065041,0.5650406504065041,0.5975609756097561,0.5975609756097561,0.5975609756097561,0.6081632653061224,0.6081632653061224,0.5903318400530944,0.025741021414714824,14,0.8354430379746836,0.864376130198915,0.8331826401446655,0.8399638336347197,0.8349909584086799,0.8553345388788427,0.85623869801085,0.8322784810126582,0.8377767736104835,0.8472661545413466,0.8436851246415845,0.010802469068621099,RandomForestClassifier,StandardScaler
23,27.582469367980956,3.8928266181359996,0.040336084365844724,0.004341963878902962,42,470,19,1,110,50,gini,balanced_subsample,"{'model__random_state': 42, 'model__n_estimators': 470, 'model__min_samples_split': 19, 'model__min_samples_leaf': 1, 'model__max_features': 110, 'model__max_depth': 50, 'model__criterion': 'gini', 'model__class_weight': 'balanced_subsample'}",0.3103448275862069,0.625,0.3076923076923077,0.3684210526315789,0.375,0.34285714285714286,0.39285714285714285,0.37037037037037035,0.5333333333333333,0.42424242424242425,0.40501186015705065,0.09545392442838925,2,0.9677891654465594,0.9780058651026393,0.9708029197080292,0.9750733137829912,0.9707174231332357,0.9778761061946902,0.9821428571428571,0.9765051395007343,0.9734513274336283,0.967930029154519,0.9740294146599883,0.004489020359215679,0.12,0.26666666666666666,0.16,0.18666666666666668,0.16,0.16,0.14473684210526316,0.13157894736842105,0.21333333333333335,0.18666666666666668,0.17296491228070177,0.040748343722890365,9,0.9763663220088626,0.9852289512555391,0.982274741506647,0.982274741506647,0.9793205317577548,0.9793205317577548,0.9763313609467456,0.9837278106508875,0.9748892171344166,0.9807976366322009,0.9800531845157454,0.003254248354468324,0.17307692307692307,0.37383177570093457,0.2105263157894737,0.24778761061946902,0.22429906542056072,0.21818181818181817,0.2115384615384615,0.1941747572815534,0.3047619047619048,0.2592592592592593,0.24174378916303585,0.05611253618193982,9,0.9720588235294118,0.9816041206769685,0.9765051395007343,0.9786607799852832,0.975,0.9785977859778597,0.9792284866468843,0.9801031687546057,0.974169741697417,0.9743213499633162,0.9770249396732481,0.0029145199688135814,0.6504065040650406,0.7276422764227642,0.6341463414634146,0.6544715447154471,0.6626016260162602,0.6504065040650406,0.6666666666666666,0.6626016260162602,0.7020408163265306,0.673469387755102,0.6684453293512526,0.025984848453300523,11,0.9828209764918626,0.9886980108499096,0.9855334538878843,0.9868896925858951,0.984629294755877,0.9868896925858951,0.9873417721518988,0.9877938517179023,0.9841843651152282,0.9841843651152282,0.9858965475257581,0.0018046980181203472,RandomForestClassifier,StandardScaler
24,6.698827648162842,1.2539175595239151,0.01907358169555664,0.0017345540348037798,42,240,3,41,30,60,gini,,"{'model__random_state': 42, 'model__n_estimators': 240, 'model__min_samples_split': 3, 'model__min_samples_leaf': 41, 'model__max_features': 30, 'model__max_depth': 60, 'model__criterion': 'gini', 'model__class_weight': None}",0.0,0.0,0.0,0.0,0.0,0.0,0.0,0.0,0.0,0.0,0.0,0.0,16,1.0,0.0,1.0,1.0,0.0,1.0,1.0,1.0,1.0,1.0,0.8,0.4,0.0,0.0,0.0,0.0,0.0,0.0,0.0,0.0,0.0,0.0,0.0,0.0,16,0.0103397341211226,0.0,0.0103397341211226,0.0029542097488921715,0.0,0.004431314623338257,0.010355029585798817,0.011834319526627219,0.007385524372230428,0.005908419497784343,0.0063548285596916445,0.004184241810500872,0.0,0.0,0.0,0.0,0.0,0.0,0.0,0.0,0.0,0.0,0.0,0.0,16,0.02046783625730994,0.0,0.02046783625730994,0.0058910162002945516,0.0,0.008823529411764706,0.020497803806734993,0.023391812865497075,0.014662756598240467,0.011747430249632894,0.012595002164678456,0.008272955992539974,0.6951219512195121,0.6951219512195121,0.6951219512195121,0.6951219512195121,0.6951219512195121,0.6951219512195121,0.6910569105691057,0.6910569105691057,0.6938775510204082,0.6938775510204082,0.6940600630496101,0.0015770259933239553,2,0.6971066907775768,0.6939421338155516,0.6971066907775768,0.6948462929475587,0.6939421338155516,0.6952983725135624,0.6975587703435805,0.6980108499095841,0.6963398102123813,0.6958879349299594,0.6960039680042882,0.0013908138252763716,RandomForestClassifier,StandardScaler
25,19.353046011924743,3.2405454323987986,0.03350374698638916,0.002322237607401434,42,435,25,21,85,80,log_loss,,"{'model__random_state': 42, 'model__n_estimators': 435, 'model__min_samples_split': 25, 'model__min_samples_leaf': 21, 'model__max_features': 85, 'model__max_depth': 80, 'model__criterion': 'log_loss', 'model__class_weight': None}",0.0,0.0,0.25,0.5,1.0,0.0,1.0,0.3333333333333333,0.5,0.0,0.3583333333333333,0.3727711541057507,5,1.0,1.0,1.0,1.0,1.0,1.0,1.0,1.0,1.0,1.0,1.0,0.0,0.0,0.0,0.013333333333333334,0.013333333333333334,0.013333333333333334,0.0,0.013157894736842105,0.013157894736842105,0.013333333333333334,0.0,0.007964912280701755,0.0065036391545811425,14,0.12998522895125553,0.060561299852289516,0.12112259970457903,0.09601181683899557,0.08862629246676514,0.07680945347119646,0.08875739644970414,0.11390532544378698,0.08862629246676514,0.09601181683899557,0.0960417522484333,0.01972840922324506,0.0,0.0,0.025316455696202535,0.025974025974025976,0.02631578947368421,0.0,0.025974025974025976,0.02531645569620253,0.025974025974025976,0.0,0.015487077878816721,0.012648402655322237,14,0.23006535947712417,0.11420612813370475,0.2160737812911726,0.1752021563342318,0.1628222523744912,0.14266117969821673,0.16304347826086957,0.20451527224435592,0.1628222523744912,0.1752021563342318,0.17466140165228897,0.032818567164153704,0.6951219512195121,0.6951219512195121,0.6869918699186992,0.6951219512195121,0.6991869918699187,0.6951219512195121,0.6951219512195121,0.6869918699186992,0.6938775510204082,0.689795918367347,0.6932453957192634,0.0037871037977304646,8,0.7337251356238698,0.7124773960216998,0.7310126582278481,0.7233273056057866,0.7210669077757685,0.7174502712477396,0.7215189873417721,0.7292043399638336,0.7211929507455942,0.7234523271577045,0.7234428279711617,0.0060563700173217475,RandomForestClassifier,StandardScaler
26,23.469082164764405,3.356382524021432,0.038150954246521,0.00250600363530378,42,495,25,21,120,80,gini,balanced_subsample,"{'model__random_state': 42, 'model__n_estimators': 495, 'model__min_samples_split': 25, 'model__min_samples_leaf': 21, 'model__max_features': 120, 'model__max_depth': 80, 'model__criterion': 'gini', 'model__class_weight': 'balanced_subsample'}",0.3076923076923077,0.43529411764705883,0.31868131868131866,0.30952380952380953,0.34545454545454546,0.38823529411764707,0.35294117647058826,0.3780487804878049,0.3717948717948718,0.3333333333333333,0.3540999555203285,0.03814038603556154,10,0.689272503082614,0.7611336032388664,0.6970443349753694,0.7122762148337596,0.6977886977886978,0.7269230769230769,0.7432795698924731,0.6918238993710691,0.7051442910915935,0.7128205128205128,0.7137506704018033,0.022319430271257584,0.32,0.49333333333333335,0.38666666666666666,0.3466666666666667,0.5066666666666667,0.44,0.3157894736842105,0.40789473684210525,0.38666666666666666,0.3333333333333333,0.39370175438596494,0.06518465614496605,7,0.8257016248153619,0.8330871491875923,0.8360413589364845,0.8227474150664698,0.8389955686853766,0.8375184638109305,0.8180473372781065,0.8136094674556213,0.8301329394387001,0.8212703101920237,0.8277151634866667,0.008307154511289596,0.3137254901960784,0.4625,0.34939759036144574,0.32704402515723274,0.4108108108108108,0.4125,0.33333333333333337,0.3924050632911393,0.3790849673202614,0.3333333333333333,0.3714134613803635,0.04551697643819938,6,0.7513440860215054,0.7954866008462623,0.7602417730020147,0.7635366689513365,0.761904761904762,0.7783115991763899,0.7788732394366197,0.7477906186267846,0.762550881953867,0.7632120796156486,0.7663252309535191,0.013445222566348086,0.573170731707317,0.6504065040650406,0.5609756097560976,0.5650406504065041,0.556910569105691,0.6178861788617886,0.6097560975609756,0.6097560975609756,0.6122448979591837,0.5918367346938775,0.5947984071677451,0.028842109010891615,12,0.8327305605786618,0.8688969258589512,0.8386075949367089,0.8440325497287523,0.8395117540687161,0.8539783001808319,0.8580470162748643,0.8322784810126582,0.841843651152282,0.8441030275643923,0.8454029861356819,0.011024230257242855,RandomForestClassifier,StandardScaler
27,4.26039309501648,0.9054580507093838,0.01949796676635742,0.001555970501952748,42,240,11,21,15,90,gini,balanced_subsample,"{'model__random_state': 42, 'model__n_estimators': 240, 'model__min_samples_split': 11, 'model__min_samples_leaf': 21, 'model__max_features': 15, 'model__max_depth': 90, 'model__criterion': 'gini', 'model__class_weight': 'balanced_subsample'}",0.32051282051282054,0.4157303370786517,0.33,0.32222222222222224,0.3431372549019608,0.3541666666666667,0.33766233766233766,0.36666666666666664,0.42045454545454547,0.3375,0.35480528511658715,0.034271293090094086,9,0.6409036860879905,0.6918158567774936,0.6412661195779601,0.6479041916167665,0.6505882352941177,0.6571087216248507,0.6868556701030928,0.635593220338983,0.6699629171817059,0.6666666666666666,0.6588665285269627,0.01849026799877261,0.3333333333333333,0.49333333333333335,0.44,0.38666666666666666,0.4666666666666667,0.4533333333333333,0.34210526315789475,0.4342105263157895,0.49333333333333335,0.36,0.42029824561403506,0.05738929015772571,5,0.7961595273264401,0.7991137370753324,0.8079763663220089,0.7991137370753324,0.8168389955686853,0.8124076809453471,0.7884615384615384,0.7766272189349113,0.8005908419497785,0.794682422451994,0.7991972066111368,0.011041054453873643,0.32679738562091504,0.45121951219512196,0.3771428571428571,0.35151515151515156,0.3954802259887006,0.3976608187134503,0.33986928104575165,0.39759036144578314,0.4539877300613497,0.34838709677419355,0.38396504205032744,0.04184503381746405,5,0.7101449275362318,0.7416038382453736,0.715032679738562,0.7156084656084656,0.7242960052390308,0.7265521796565391,0.734159779614325,0.6990679094540614,0.7294751009421265,0.7250673854447438,0.722100827147946,0.011743797527881268,0.5813008130081301,0.6341463414634146,0.556910569105691,0.5650406504065041,0.5650406504065041,0.5813008130081301,0.5894308943089431,0.5934959349593496,0.636734693877551,0.5877551020408164,0.5891156462585034,0.02575848535961603,15,0.8010849909584087,0.8295660036166366,0.8028933092224232,0.8056057866184448,0.8096745027124774,0.8128390596745028,0.825497287522604,0.7956600361663653,0.8183461364663352,0.815634884771803,0.8116801997730001,0.010292064651714438,RandomForestClassifier,StandardScaler
28,17.39562120437622,3.3882880210002115,0.03383262157440185,0.005183380712554277,42,445,25,41,140,20,log_loss,,"{'model__random_state': 42, 'model__n_estimators': 445, 'model__min_samples_split': 25, 'model__min_samples_leaf': 41, 'model__max_features': 140, 'model__max_depth': 20, 'model__criterion': 'log_loss', 'model__class_weight': None}",0.0,0.0,0.0,0.0,0.0,0.0,0.0,0.0,0.0,0.0,0.0,0.0,16,1.0,1.0,1.0,1.0,1.0,1.0,1.0,1.0,1.0,1.0,1.0,0.0,0.0,0.0,0.0,0.0,0.0,0.0,0.0,0.0,0.0,0.0,0.0,0.0,16,0.013293943870014771,0.0014771048744460858,0.01772525849335303,0.0103397341211226,0.004431314623338257,0.004431314623338257,0.010355029585798817,0.02514792899408284,0.0103397341211226,0.008862629246676515,0.010640399255329376,0.00657418494954731,0.0,0.0,0.0,0.0,0.0,0.0,0.0,0.0,0.0,0.0,0.0,0.0,16,0.026239067055393583,0.0029498525073746312,0.03483309143686503,0.02046783625730994,0.008823529411764706,0.008823529411764706,0.020497803806734993,0.049062049062049064,0.02046783625730994,0.017569546120058566,0.020973414132662512,0.012810937044587557,0.6951219512195121,0.6951219512195121,0.6910569105691057,0.6951219512195121,0.6951219512195121,0.6951219512195121,0.6910569105691057,0.6869918699186992,0.6938775510204082,0.6938775510204082,0.6932470549195289,0.002590213027742864,4,0.6980108499095841,0.6943942133815552,0.6993670886075949,0.6971066907775768,0.6952983725135624,0.6952983725135624,0.6975587703435805,0.7020795660036167,0.6972435607772255,0.6967916854948034,0.6973149170322662,0.0021081439594848655,RandomForestClassifier,StandardScaler
29,16.903735971450807,1.9269925082933022,0.026900696754455566,0.0019901181002027293,42,345,25,21,115,20,log_loss,,"{'model__random_state': 42, 'model__n_estimators': 345, 'model__min_samples_split': 25, 'model__min_samples_leaf': 21, 'model__max_features': 115, 'model__max_depth': 20, 'model__criterion': 'log_loss', 'model__class_weight': None}",0.0,0.0,0.4,0.5,1.0,0.0,1.0,0.3333333333333333,0.5,0.0,0.3733333333333333,0.37112441759244746,4,1.0,1.0,1.0,1.0,1.0,1.0,1.0,1.0,1.0,1.0,1.0,0.0,0.0,0.0,0.02666666666666667,0.013333333333333334,0.02666666666666667,0.0,0.013157894736842105,0.013157894736842105,0.013333333333333334,0.0,0.010631578947368422,0.009968618040872757,12,0.1240768094534712,0.060561299852289516,0.1137370753323486,0.0915805022156573,0.08124076809453472,0.07976366322008863,0.09023668639053255,0.10946745562130178,0.08714918759231906,0.1019202363367799,0.09397336841093232,0.017738940004918883,0.0,0.0,0.05,0.025974025974025976,0.05194805194805195,0.0,0.025974025974025976,0.02531645569620253,0.025974025974025976,0.0,0.02051865855663324,0.019113659033467227,13,0.22076215505913271,0.11420612813370475,0.20424403183023873,0.16779431664411365,0.15027322404371588,0.14774281805745554,0.1655359565807327,0.19733333333333333,0.16032608695652173,0.18498659517426272,0.17132046458132116,0.02969778488866601,0.6951219512195121,0.6951219512195121,0.6910569105691057,0.6951219512195121,0.7032520325203252,0.6951219512195121,0.6951219512195121,0.6869918699186992,0.6938775510204082,0.689795918367347,0.6940584038493446,0.0040905357487386025,3,0.7319168173598554,0.7124773960216998,0.72875226039783,0.7219710669077758,0.7188065099457505,0.7183544303797469,0.7219710669077758,0.7278481012658228,0.7207410754631721,0.7252598282873927,0.7228098552936821,0.005458566737594276,RandomForestClassifier,StandardScaler
30,3.5749764919281004,0.8182616468057934,0.009856796264648438,0.000776722140054402,42,110,11,41,35,30,log_loss,balanced_subsample,"{'model__random_state': 42, 'model__n_estimators': 110, 'model__min_samples_split': 11, 'model__min_samples_leaf': 41, 'model__max_features': 35, 'model__max_depth': 30, 'model__criterion': 'log_loss', 'model__class_weight': 'balanced_subsample'}",0.30927835051546393,0.44339622641509435,0.3008849557522124,0.3162393162393162,0.35833333333333334,0.3565217391304348,0.33695652173913043,0.34615384615384615,0.3939393939393939,0.3711340206185567,0.35328377038367825,0.040619659800386766,11,0.5059523809523809,0.5348338692390139,0.5102669404517454,0.5153922542204568,0.5143149284253579,0.5145728643216081,0.5318681318681319,0.5095338983050848,0.5067079463364293,0.5325506937033084,0.5175993907823517,0.010592818713284222,0.4,0.6266666666666667,0.4533333333333333,0.49333333333333335,0.5733333333333334,0.5466666666666666,0.40789473684210525,0.47368421052631576,0.52,0.48,0.4974912280701755,0.06762779246232409,3,0.7533234859675036,0.7370753323485968,0.7341211225997046,0.7666174298375185,0.7429837518463811,0.7562776957163959,0.7159763313609467,0.7115384615384616,0.725258493353028,0.7370753323485968,0.7380247436917133,0.016664420282425048,0.3488372093023256,0.5193370165745856,0.36170212765957444,0.3854166666666667,0.44102564102564107,0.43157894736842106,0.36904761904761907,0.39999999999999997,0.44827586206896547,0.41860465116279066,0.41238257408765894,0.048290939970063194,3,0.6053412462908012,0.6198757763975156,0.6020593579648696,0.6163895486935868,0.6078549848942598,0.6124401913875598,0.6103404791929382,0.5938271604938271,0.5965978128797085,0.6183395291201983,0.6083066087315265,0.00846072093424691,0.5447154471544715,0.6463414634146342,0.5121951219512195,0.5203252032520326,0.556910569105691,0.5609756097560976,0.5691056910569106,0.5609756097560976,0.6081632653061224,0.5918367346938775,0.5671544715447154,0.038031088223007124,19,0.6993670886075949,0.7233273056057866,0.7029837251356239,0.7079566003616636,0.7066003616636528,0.7070524412296564,0.720614828209765,0.7025316455696202,0.6999548124717578,0.7216448260280163,0.7092033634883136,0.008734629254691846,RandomForestClassifier,StandardScaler
31,15.051915740966797,1.8264455588797917,0.02687525749206543,0.0022870999779947714,42,335,19,21,55,80,log_loss,,"{'model__random_state': 42, 'model__n_estimators': 335, 'model__min_samples_split': 19, 'model__min_samples_leaf': 21, 'model__max_features': 55, 'model__max_depth': 80, 'model__criterion': 'log_loss', 'model__class_weight': None}",0.0,0.0,0.4,0.5,1.0,0.0,1.0,0.3333333333333333,1.0,0.0,0.42333333333333323,0.4158124577258358,1,1.0,1.0,1.0,1.0,1.0,1.0,1.0,1.0,1.0,1.0,1.0,0.0,0.0,0.0,0.02666666666666667,0.013333333333333334,0.02666666666666667,0.0,0.013157894736842105,0.013157894736842105,0.013333333333333334,0.0,0.010631578947368422,0.009968618040872757,12,0.12850812407680945,0.0620384047267356,0.11521418020679468,0.09453471196454949,0.08124076809453472,0.07828655834564253,0.09615384615384616,0.11094674556213018,0.08567208271787297,0.1019202363367799,0.09545156581856958,0.018641987450162562,0.0,0.0,0.05,0.025974025974025976,0.05194805194805195,0.0,0.025974025974025976,0.02531645569620253,0.02631578947368421,0.0,0.020552834906599062,0.01912368591422203,12,0.22774869109947646,0.11682892906815022,0.20662251655629138,0.1727395411605938,0.15027322404371588,0.14520547945205478,0.17543859649122806,0.19973368841544606,0.15782312925170067,0.18498659517426272,0.173740039071292,0.031082740714795772,0.6951219512195121,0.6951219512195121,0.6910569105691057,0.6951219512195121,0.7032520325203252,0.6951219512195121,0.6951219512195121,0.6869918699186992,0.6979591836734694,0.689795918367347,0.6944665671146507,0.004252554880259586,1,0.7332730560578662,0.7129294755877035,0.7292043399638336,0.722875226039783,0.7188065099457505,0.7179023508137432,0.7237793851717902,0.7283001808318263,0.7202892001807502,0.7252598282873927,0.7232619552880439,0.005740212048445562,RandomForestClassifier,StandardScaler
32,6.021285796165467,1.525225171220797,0.012035012245178223,0.001188967103103909,42,140,7,41,65,30,log_loss,,"{'model__random_state': 42, 'model__n_estimators': 140, 'model__min_samples_split': 7, 'model__min_samples_leaf': 41, 'model__max_features': 65, 'model__max_depth': 30, 'model__criterion': 'log_loss', 'model__class_weight': None}",0.0,0.0,0.0,0.0,1.0,0.0,0.0,0.0,0.0,0.0,0.1,0.30000000000000004,15,1.0,0.0,1.0,1.0,1.0,1.0,1.0,0.9523809523809523,1.0,1.0,0.8952380952380953,0.2987502312639642,0.0,0.0,0.0,0.0,0.013333333333333334,0.0,0.0,0.0,0.0,0.0,0.0013333333333333335,0.004,15,0.01624815361890694,0.0,0.01772525849335303,0.019202363367799114,0.005908419497784343,0.007385524372230428,0.010355029585798817,0.029585798816568046,0.014771048744460856,0.011816838995568686,0.013299843549247025,0.0077966835555545394,0.0,0.0,0.0,0.0,0.02631578947368421,0.0,0.0,0.0,0.0,0.0,0.002631578947368421,0.007894736842105262,15,0.031976744186046506,0.0,0.03483309143686503,0.03768115942028986,0.011747430249632894,0.014662756598240467,0.020497803806734993,0.05738880918220946,0.02911208151382824,0.023357664233576644,0.026125754062742406,0.015132427587383698,0.6951219512195121,0.6951219512195121,0.6910569105691057,0.6951219512195121,0.6991869918699187,0.6951219512195121,0.6910569105691057,0.6829268292682927,0.6938775510204082,0.6938775510204082,0.6932470549195289,0.004077246230332824,4,0.6989150090415913,0.6939421338155516,0.6993670886075949,0.6998191681735986,0.695750452079566,0.6962025316455697,0.6975587703435805,0.7029837251356239,0.6985991866244916,0.6976954360596476,0.6980833501526815,0.0023703943367255754,RandomForestClassifier,StandardScaler
33,24.337504148483276,3.384178161435813,0.03460826873779297,0.00407036408210414,42,390,13,1,95,20,entropy,,"{'model__random_state': 42, 'model__n_estimators': 390, 'model__min_samples_split': 13, 'model__min_samples_leaf': 1, 'model__max_features': 95, 'model__max_depth': 20, 'model__criterion': 'entropy', 'model__class_weight': None}",0.45454545454545453,0.5,0.25,0.375,0.6,0.25,0.5,0.3333333333333333,0.3333333333333333,0.4444444444444444,0.4040656565656565,0.10922413126655472,3,1.0,1.0,1.0,1.0,1.0,1.0,1.0,1.0,1.0,1.0,1.0,0.0,0.06666666666666667,0.05333333333333334,0.04,0.04,0.04,0.013333333333333334,0.039473684210526314,0.02631578947368421,0.013333333333333334,0.05333333333333334,0.03857894736842105,0.0162979434564932,11,0.8877400295420975,0.8862629246676514,0.9039881831610044,0.9039881831610044,0.8847858197932054,0.8877400295420975,0.9053254437869822,0.908284023668639,0.8833087149187593,0.8921713441654358,0.8943594696406876,0.009334451785333233,0.11627906976744184,0.0963855421686747,0.06896551724137932,0.07228915662650602,0.075,0.025316455696202535,0.07317073170731707,0.048780487804878044,0.025641025641025644,0.09523809523809523,0.06970660818915204,0.028160289709983362,11,0.9405320813771517,0.9397024275646045,0.9495733126454615,0.9495733126454615,0.938871473354232,0.9405320813771517,0.9503105590062112,0.951937984496124,0.9380392156862746,0.9430132708821234,0.9442085719034795,0.005194725937530572,0.6910569105691057,0.6951219512195121,0.6707317073170732,0.6869918699186992,0.6991869918699187,0.6869918699186992,0.6910569105691057,0.6829268292682927,0.689795918367347,0.689795918367347,0.68836568773851,0.007250085496372177,9,0.9656419529837251,0.9651898734177216,0.970614828209765,0.970614828209765,0.9647377938517179,0.9656419529837251,0.9710669077757685,0.9719710669077758,0.964301852688658,0.9670131043831902,0.9676794161411811,0.0028658687520195917,RandomForestClassifier,StandardScaler
34,22.38544774055481,3.2846536020202817,0.030127739906311034,0.0020743704252984864,42,330,17,1,85,60,entropy,,"{'model__random_state': 42, 'model__n_estimators': 330, 'model__min_samples_split': 17, 'model__min_samples_leaf': 1, 'model__max_features': 85, 'model__max_depth': 60, 'model__criterion': 'entropy', 'model__class_weight': None}",0.36363636363636365,0.5,0.25,0.3333333333333333,0.6363636363636364,0.2,0.3333333333333333,0.14285714285714285,0.42857142857142855,0.3333333333333333,0.35214285714285715,0.13676956176857324,12,0.998330550918197,1.0,1.0,1.0,1.0,0.99836867862969,1.0,1.0,0.9967532467532467,1.0,0.9993452476301133,0.0010817887795935165,0.05333333333333334,0.05333333333333334,0.04,0.05333333333333334,0.09333333333333334,0.013333333333333334,0.02631578947368421,0.013157894736842105,0.04,0.04,0.04261403508771929,0.022199804790082264,10,0.8833087149187593,0.8995568685376661,0.9084194977843427,0.9113737075332349,0.8951255539143279,0.9039881831610044,0.9112426035502958,0.9053254437869822,0.9069423929098966,0.8921713441654358,0.9017454310261946,0.008674596369013162,0.0930232558139535,0.0963855421686747,0.06896551724137932,0.09195402298850575,0.1627906976744186,0.025,0.048780487804878044,0.024096385542168676,0.07317073170731708,0.07142857142857142,0.0755595212369867,0.03821629378786767,10,0.9373040752351097,0.9471228615863141,0.9520123839009288,0.9536321483771252,0.9446609508963367,0.9488372093023255,0.9535603715170279,0.9503105590062112,0.9497293116782676,0.9430132708821234,0.9480183142381768,0.004888289199780915,0.6829268292682927,0.6951219512195121,0.6707317073170732,0.6788617886178862,0.7073170731707317,0.6829268292682927,0.6829268292682927,0.6707317073170732,0.689795918367347,0.6816326530612244,0.6842973286875725,0.010429037068917181,10,0.9638336347197106,0.969258589511754,0.9719710669077758,0.972875226039783,0.9679023508137432,0.9701627486437613,0.972875226039783,0.9710669077757685,0.9706281066425666,0.9670131043831902,0.9697586961477835,0.0027072385177061118,RandomForestClassifier,StandardScaler
35,0.059814953804016115,0.005446653809028183,0.0,0.0,42,350,1,1,90,80,entropy,balanced_subsample,"{'model__random_state': 42, 'model__n_estimators': 350, 'model__min_samples_split': 1, 'model__min_samples_leaf': 1, 'model__max_features': 90, 'model__max_depth': 80, 'model__criterion': 'entropy', 'model__class_weight': 'balanced_subsample'}",,,,,,,,,,,,,20,,,,,,,,,,,,,,,,,,,,,,,,,20,,,,,,,,,,,,,,,,,,,,,,,,,20,,,,,,,,,,,,,,,,,,,,,,,,,20,,,,,,,,,,,,,RandomForestClassifier,StandardScaler
36,13.301830339431763,1.5607301853466127,0.0248030424118042,0.0013703856192650733,42,330,5,41,175,60,log_loss,balanced,"{'model__random_state': 42, 'model__n_estimators': 330, 'model__min_samples_split': 5, 'model__min_samples_leaf': 41, 'model__max_features': 175, 'model__max_depth': 60, 'model__criterion': 'log_loss', 'model__class_weight': 'balanced'}",0.3225806451612903,0.4247787610619469,0.3130434782608696,0.32142857142857145,0.3629032258064516,0.34513274336283184,0.3465346534653465,0.3523809523809524,0.39,0.375,0.35537830309282603,0.032664039398158935,7,0.5140562248995983,0.5451647183846972,0.5204918032786885,0.5249745158002038,0.513184584178499,0.5326315789473685,0.5319148936170213,0.5201271186440678,0.5178571428571429,0.5241157556270096,0.5244518336234297,0.009300052555355869,0.4,0.64,0.48,0.48,0.6,0.52,0.4605263157894737,0.4868421052631579,0.52,0.48,0.5067368421052633,0.06548087623386366,2,0.7562776957163959,0.757754800590842,0.7503692762186115,0.7607090103397341,0.7474150664697193,0.7474150664697193,0.7396449704142012,0.7263313609467456,0.7282127031019202,0.7223042836041359,0.7436434233872025,0.013163733849569677,0.3571428571428571,0.5106382978723405,0.37894736842105264,0.38502673796791453,0.45226130653266333,0.4148936170212766,0.3954802259887006,0.4088397790055249,0.44571428571428573,0.42105263157894735,0.4169997107245563,0.0417608921459829,2,0.6120741183502689,0.6341161928306551,0.6146400483968542,0.6212303980699637,0.608538785327721,0.6220036877688998,0.6188118811881188,0.6061728395061728,0.6052793124616329,0.6074534161490683,0.6150320680049356,0.008646488220565431,0.5609756097560976,0.6260162601626016,0.5203252032520326,0.532520325203252,0.556910569105691,0.5528455284552846,0.5650406504065041,0.5650406504065041,0.6040816326530613,0.5959183673469388,0.5679674796747969,0.030656777276977697,17,0.7066003616636528,0.7323688969258589,0.7120253164556962,0.7160940325497287,0.7056962025316456,0.7219710669077758,0.7215189873417721,0.7115732368896925,0.7094441934026209,0.7144148215092635,0.7151707116177708,0.007762682994953746,RandomForestClassifier,StandardScaler
37,16.316366124153138,2.1843205091895603,0.02959439754486084,0.002410540007707627,42,400,5,41,95,60,log_loss,balanced,"{'model__random_state': 42, 'model__n_estimators': 400, 'model__min_samples_split': 5, 'model__min_samples_leaf': 41, 'model__max_features': 95, 'model__max_depth': 60, 'model__criterion': 'log_loss', 'model__class_weight': 'balanced'}",0.3263157894736842,0.4247787610619469,0.31896551724137934,0.32142857142857145,0.352,0.35714285714285715,0.3473684210526316,0.3523809523809524,0.3786407766990291,0.37373737373737376,0.35527590202184256,0.030174974259330207,8,0.5150905432595574,0.5425531914893617,0.522279792746114,0.5220061412487206,0.5127420998980632,0.5341745531019979,0.534983853606028,0.5208110992529349,0.519916142557652,0.5304162219850587,0.5254973639145489,0.009094144832561265,0.41333333333333333,0.64,0.49333333333333335,0.48,0.5866666666666667,0.5333333333333333,0.4342105263157895,0.4868421052631579,0.52,0.49333333333333335,0.5081052631578946,0.06361340609901832,1,0.7562776957163959,0.7533234859675036,0.7444608567208272,0.7533234859675036,0.7429837518463811,0.7503692762186115,0.735207100591716,0.7218934911242604,0.7326440177252584,0.7341211225997046,0.7424604284478162,0.010654904894936642,0.3647058823529412,0.5106382978723405,0.387434554973822,0.38502673796791453,0.43999999999999995,0.42780748663101603,0.38596491228070173,0.4088397790055249,0.4382022471910112,0.4252873563218391,0.4173907254597111,0.039486031877222036,1,0.6128067025733095,0.6307977736549164,0.6138855054811206,0.6166868198307134,0.6067551266586249,0.6240786240786241,0.6193146417445483,0.6050836949783013,0.6082158185162476,0.6158612143742256,0.6153485921890631,0.007558888138683887,0.5609756097560976,0.6260162601626016,0.524390243902439,0.532520325203252,0.5447154471544715,0.5650406504065041,0.573170731707317,0.5650406504065041,0.5918367346938775,0.5918367346938775,0.5675543388086943,0.028803928069833836,18,0.7075045207956601,0.7301084990958409,0.713381555153707,0.713381555153707,0.705244122965642,0.7233273056057866,0.7237793851717902,0.7120253164556962,0.7112516945323091,0.7198373248983281,0.7159841279828466,0.007535911422002441,RandomForestClassifier,StandardScaler
38,5.41198763847351,1.3658846995288914,0.026194214820861816,0.0018058663111783478,42,340,27,21,15,20,gini,balanced,"{'model__random_state': 42, 'model__n_estimators': 340, 'model__min_samples_split': 27, 'model__min_samples_leaf': 21, 'model__max_features': 15, 'model__max_depth': 20, 'model__criterion': 'gini', 'model__class_weight': 'balanced'}",0.33783783783783783,0.42857142857142855,0.3125,0.3191489361702128,0.36036036036036034,0.3516483516483517,0.34210526315789475,0.3563218390804598,0.4186046511627907,0.345679012345679,0.35727776803350153,0.03617648737058966,6,0.6453143534994069,0.6988416988416989,0.6493506493506493,0.6514423076923077,0.6434474616292798,0.6590361445783133,0.6794871794871795,0.6336515513126492,0.6589242053789731,0.6612903225806451,0.6580785874351103,0.017960509484150938,0.3333333333333333,0.52,0.4,0.4,0.5333333333333333,0.4266666666666667,0.34210526315789475,0.40789473684210525,0.48,0.37333333333333335,0.4216666666666667,0.06569941203985218,4,0.8035450516986706,0.8020679468242246,0.8124076809453471,0.8005908419497785,0.8050221565731167,0.8079763663220089,0.7840236686390533,0.7855029585798816,0.7961595273264401,0.7872968980797637,0.7984593096938284,0.009368970321552707,0.3355704697986577,0.46987951807228917,0.3508771929824561,0.3550295857988166,0.43010752688172044,0.3855421686746988,0.34210526315789475,0.3803680981595092,0.4472049689440994,0.358974358974359,0.3855659151444501,0.044889183746813215,4,0.7157894736842106,0.7469050894085282,0.7217847769028871,0.7183565275016567,0.7152230971128608,0.7259455872594559,0.7280219780219782,0.7014531043593131,0.7210702341137124,0.7188132164531355,0.7213363084817738,0.010948532912623458,0.5975609756097561,0.6422764227642277,0.5487804878048781,0.556910569105691,0.5691056910569106,0.5853658536585366,0.5934959349593496,0.5894308943089431,0.636734693877551,0.5918367346938775,0.5911498257839721,0.02868593464677215,13,0.8047016274864376,0.833634719710669,0.8083182640144665,0.8078661844484629,0.8037974683544303,0.8132911392405063,0.8209764918625678,0.7956600361663653,0.8115680072300046,0.8115680072300046,0.8111381945743915,0.009805291882223578,RandomForestClassifier,StandardScaler
39,13.641491985321045,1.2205015492577949,0.024987387657165527,0.0007353021401022468,42,355,9,21,40,90,entropy,balanced_subsample,"{'model__random_state': 42, 'model__n_estimators': 355, 'model__min_samples_split': 9, 'model__min_samples_leaf': 21, 'model__max_features': 40, 'model__max_depth': 90, 'model__criterion': 'entropy', 'model__class_weight': 'balanced_subsample'}",0.2948717948717949,0.4235294117647059,0.30612244897959184,0.30952380952380953,0.3394495412844037,0.3793103448275862,0.36486486486486486,0.3614457831325301,0.36363636363636365,0.3424657534246575,0.34852201163103086,0.03681372612846564,14,0.695273631840796,0.7604871447902571,0.7053682896379525,0.7092288242730721,0.7004950495049505,0.7211660329531052,0.7439353099730458,0.6904761904761905,0.7011349306431274,0.7284595300261096,0.7156024934118607,0.02154330131946346,0.30666666666666664,0.48,0.4,0.3466666666666667,0.49333333333333335,0.44,0.35526315789473684,0.39473684210526316,0.37333333333333335,0.3333333333333333,0.39233333333333337,0.059045347248551795,8,0.8257016248153619,0.8301329394387001,0.8345642540620384,0.8286558345642541,0.8360413589364845,0.8404726735598228,0.8165680473372781,0.8150887573964497,0.8212703101920237,0.8242245199409158,0.8272720320243329,0.007907059357833751,0.3006535947712418,0.44999999999999996,0.3468208092485549,0.32704402515723274,0.40217391304347827,0.4074074074074074,0.36000000000000004,0.3773584905660378,0.3684210526315789,0.33783783783783783,0.36777171306633694,0.04143341874956629,8,0.7548953409858203,0.7937853107344633,0.7645466847090663,0.7643051771117166,0.7622895622895624,0.7762619372442019,0.7785613540197462,0.7476255088195387,0.7564625850340136,0.7733887733887734,0.7672122234336902,0.012828355854273787,0.5650406504065041,0.6422764227642277,0.540650406504065,0.5650406504065041,0.5528455284552846,0.6097560975609756,0.6097560975609756,0.5975609756097561,0.6081632653061224,0.6,0.5891090094574415,0.030090431160464035,16,0.8358951175406871,0.8679927667269439,0.8426763110307414,0.8435804701627486,0.8404159132007233,0.8517179023508138,0.8580470162748643,0.8318264014466547,0.8382286488929056,0.8522367826479892,0.8462617330275073,0.010541326835957016,RandomForestClassifier,StandardScaler
